<?xml version="1.0" encoding="UTF-8"?>
<beans xmlns="http://www.springframework.org/schema/beans"
       xmlns:xsi="http://www.w3.org/2001/XMLSchema-instance"
       xmlns:dubbo="http://dubbo.apache.org/schema/dubbo"
       xsi:schemaLocation="http://www.springframework.org/schema/beans http://www.springframework.org/schema/beans/spring-beans.xsd
       http://dubbo.apache.org/schema/dubbo http://dubbo.apache.org/schema/dubbo/dubbo.xsd">
    <!-- 提供方应用信息，用于计算依赖关系 -->
    <dubbo:application name="simple-app"/>
    <!--  &lt;!&ndash; 使用multicast广播注册中心暴露服务地址
        <dubbo:registry address="multicast://224.5.6.7:1234"/>
    -->
    <!--<dubbo:registry protocol="redis" address="192.168.0.147:6379"/>-->
    <dubbo:registry protocol="zookeeper" address="192.168.0.147:2181"></dubbo:registry>
    <!-- 用dubbo协议在20880端口暴露服务 -->
    <dubbo:protocol name="dubbo" port="-1"/>

    <dubbo:provider  filter="luban" timeout="2000" retries="2" id="abc"></dubbo:provider>

    <!-- 声明需要暴露的服务接口 -->
    <dubbo:service provider="abc" interface="tuling.dubbo.server.UserService" ref="userService"
                   timeout="2000" retries="3" />
    <!-- 和本地bean一样实现服务 -->
    <bean id="userService" class="tuling.dubbo.server.impl.UserServiceImpl"/>
</beans>