<?xml version="1.0" encoding="UTF-8" ?>
<!DOCTYPE mapper PUBLIC "-//mybatis.org//DTD Mapper 3.0//EN" "http://mybatis.org/dtd/mybatis-3-mapper.dtd">
<mapper namespace="com.jiagouedu.repository.OrderRepository">
    <resultMap id="baseResultMap" type="com.jiagouedu.entity.Order">
        <result column="order_id" property="orderId" jdbcType="INTEGER"/>
        <result column="user_id" property="userId" jdbcType="INTEGER"/>
    </resultMap>
    <update id="createIfNotExistsTable">
        CREATE TABLE IF NOT EXISTS t_order (order_id BIGINT AUTO_INCREMENT, user_id INT NOT NULL, status VARCHAR(50), PRIMARY KEY (order_id));
    </update>

    <update id="truncateTable">
        TRUNCATE TABLE t_order;
    </update>
    
    <update id="dropTable">
        DROP TABLE IF EXISTS t_order;
    </update>
    
    <insert id="insert" useGeneratedKeys="true" keyProperty="orderId">
        INSERT INTO t_order (
          user_id, status
        )
        VALUES (
        #{userId,jdbcType=INTEGER},
        #{status,jdbcType=VARCHAR}
        )
    </insert>
    
    <delete id="delete">
        DELETE FROM t_order WHERE order_id = #{orderId,jdbcType=INTEGER}
    </delete>
    <select id="selectAll" resultMap="baseResultMap">
        SELECT
        o.*
        FROM
        t_order o, t_order_item i
        WHERE
        o.order_id = i.order_id
    </select>
</mapper>
