<?xml version="1.0" encoding="UTF-8"?>
<c3p0-config>
    <!-- This is default config! -->
    <default-config>
        <property name="initialPoolSize">10</property>
        <property name="maxIdleTime">30</property>
        <property name="maxPoolSize">100</property>
        <property name="minPoolSize">10</property>
        <property name="maxStatements">200</property>
    </default-config>

    <!-- This is my config for mysql-->
    <named-config name="mysql">
        <property name="driverClass">com.mysql.jdbc.Driver</property>
        <property name="jdbcUrl">jdbc:mysql://192.168.0.147:3306/tuling?useUnicode=true&amp;characterEncoding=UTF8</property>
        <property name="user">root</property>
        <property name="password">123456</property>
        <!--&lt;!&ndash; 初始化连接池中的连接数，取值应在minPoolSize与maxPoolSize之间，默认为3&ndash;&gt;
        <property name="initialPoolSize">10</property>
        &lt;!&ndash;最大空闲时间，60秒内未使用则连接被丢弃。若为0则永不丢弃。默认值: 0 &ndash;&gt;
        <property name="maxIdleTime">30</property>
        &lt;!&ndash;连接池中保留的最大连接数。默认值: 15 &ndash;&gt;
        <property name="maxPoolSize">100</property>
        &lt;!&ndash; 连接池中保留的最小连接数，默认为：3&ndash;&gt;
        <property name="minPoolSize">10</property>
        &lt;!&ndash;c3p0全局的PreparedStatements缓存的大小。如果maxStatements与maxStatementsPerConnection均为0，则缓存不生效，只要有一个不为0，则语句的缓存就能生效。如果默认值: 0&ndash;&gt;
        <property name="maxStatements">200</property>
        &lt;!&ndash; 当连接池连接耗尽时，客户端调用getConnection()后等待获取新连接的时间，超时后将抛出SQLException，如设为0则无限期等待。单位毫秒。默认: 0 &ndash;&gt;
        <property name="checkoutTimeout" value="3000"/>
        &lt;!&ndash;当连接池中的连接耗尽的时候c3p0一次同时获取的连接数。默认值: 3 &ndash;&gt;
        <property name="acquireIncrement" value="2"/>
        &lt;!&ndash;定义在从数据库获取新连接失败后重复尝试的次数。默认值: 30 ；小于等于0表示无限次&ndash;&gt;
        <property name="acquireRetryAttempts" value="0"/>
        &lt;!&ndash;重新尝试的时间间隔，默认为：1000毫秒&ndash;&gt;
        <property name="acquireRetryDelay" value="1000" />
        &lt;!&ndash;关闭连接时，是否提交未提交的事务，默认为false，即关闭连接，回滚未提交的事务 &ndash;&gt;
        <property name="autoCommitOnClose">false</property>
        &lt;!&ndash;c3p0将建一张名为Test的空表，并使用其自带的查询语句进行测试。如果定义了这个参数那么属性preferredTestQuery将被忽略。你不能在这张Test表上进行任何操作，它将只供c3p0测试使用。默认值: null &ndash;&gt;
        <property name="automaticTestTable">Test</property>
        &lt;!&ndash;如果为false，则获取连接失败将会引起所有等待连接池来获取连接的线程抛出异常，但是数据源仍有效保留，并在下次调用getConnection()的时候继续尝试获取连接。如果设为true，那么在尝试获取连接失败后该数据源将申明已断开并永久关闭。默认: false&ndash;&gt;
        <property name="breakAfterAcquireFailure">false</property>
        &lt;!&ndash;每60秒检查所有连接池中的空闲连接。默认值: 0，不检查 &ndash;&gt;
        <property name="idleConnectionTestPeriod">60</property>
        &lt;!&ndash;maxStatementsPerConnection定义了连接池内单个连接所拥有的最大缓存statements数。默认值: 0 &ndash;&gt;
        <property name="maxStatementsPerConnection">0</property>-->
    </named-config>

</c3p0-config>