<?xml version="1.0" encoding="UTF-8"?>
<beans xmlns="http://www.springframework.org/schema/beans"
       xmlns:xsi="http://www.w3.org/2001/XMLSchema-instance"
       xmlns:dubbo="http://dubbo.apache.org/schema/dubbo"
       xsi:schemaLocation="http://www.springframework.org/schema/beans http://www.springframework.org/schema/beans/spring-beans.xsd
       http://dubbo.apache.org/schema/dubbo http://dubbo.apache.org/schema/dubbo/dubbo.xsd">

    <dubbo:application name="young-app"/>
    <!--<dubbo:registry address="multicast://224.5.6.7:1234"/>-->
   <!-- <dubbo:registry protocol="redis" address="192.168.0.147:6379"/>-->
    <dubbo:registry protocol="zookeeper" address="192.168.0.147:2181"></dubbo:registry>
    <dubbo:protocol name="dubbo" port="-1"/>
    <dubbo:reference id="userService" timeout="2000" interface="tuling.dubbo.server.UserService">
        <dubbo:method name="getUser" timeout="2000"></dubbo:method>
    </dubbo:reference>
</beans>