<?xml version="1.0" encoding="UTF-8"?>
<beans xmlns="http://www.springframework.org/schema/beans"
       xmlns:xsi="http://www.w3.org/2001/XMLSchema-instance"
       xmlns:sharding="http://shardingsphere.io/schema/shardingsphere/sharding"
       xsi:schemaLocation="http://www.springframework.org/schema/beans
                        http://www.springframework.org/schema/beans/spring-beans.xsd
                        http://shardingsphere.io/schema/shardingsphere/sharding
                        http://shardingsphere.io/schema/shardingsphere/sharding/sharding.xsd
                        ">
    <bean id="ds0" class="org.apache.commons.dbcp.BasicDataSource" destroy-method="close">
        <property name="driverClassName" value="com.mysql.jdbc.Driver" />
        <property name="url" value="jdbc:mysql://localhost:3306/orders_0" />
        <property name="username" value="root" />
        <property name="password" value="root" />
    </bean>
    <bean id="ds1" class="org.apache.commons.dbcp.BasicDataSource" destroy-method="close">
        <property name="driverClassName" value="com.mysql.jdbc.Driver" />
        <property name="url" value="jdbc:mysql://localhost:3306/orders_1" />
        <property name="username" value="root" />
        <property name="password" value="root" />
    </bean>

    <sharding:inline-strategy id="databaseStrategy" sharding-column="user_id" algorithm-expression="ds$->{user_id % 2}" />
    <sharding:inline-strategy id="orderTableStrategy" sharding-column="order_id" algorithm-expression="t_order$->{order_id % 2}" />
    <sharding:inline-strategy id="orderItemTableStrategy" sharding-column="order_id" algorithm-expression="t_order_item$->{order_id % 2}" />

    <sharding:data-source id="shardingDataSource">
     <sharding:props>
            <prop key="sql.show">true</prop>
        </sharding:props>
        <sharding:sharding-rule data-source-names="ds0,ds1">
            <sharding:table-rules>
                <sharding:table-rule logic-table="t_order" actual-data-nodes="ds$->{0..1}.t_order$->{0..1}" database-strategy-ref="databaseStrategy" table-strategy-ref="orderTableStrategy" />
                <sharding:table-rule logic-table="t_order_item" actual-data-nodes="ds$->{0..1}.t_order_item$->{0..1}" database-strategy-ref="databaseStrategy" table-strategy-ref="orderItemTableStrategy" />
            </sharding:table-rules>

            <sharding:binding-table-rules>
                <sharding:binding-table-rule logic-tables="t_order, t_order_item"/>
            </sharding:binding-table-rules>
        </sharding:sharding-rule>

    </sharding:data-source>
</beans>