<?xml version="1.0" encoding="UTF-8"?>
<beans xmlns="http://www.springframework.org/schema/beans"
       xmlns:aop="http://www.springframework.org/schema/aop" xmlns:xsi="http://www.w3.org/2001/XMLSchema-instance"
       xmlns:c="http://www.springframework.org/schema/c"
       xmlns:context="http://www.springframework.org/schema/context"
       xmlns:task="http://www.springframework.org/schema/task"
       xsi:schemaLocation="
    http://www.springframework.org/schema/beans
    http://www.springframework.org/schema/beans/spring-beans-3.2.xsd
    http://www.springframework.org/schema/context
    http://www.springframework.org/schema/context/spring-context-3.2.xsd
    http://www.springframework.org/schema/task
    http://www.springframework.org/schema/task/spring-task-3.2.xsd
    http://www.springframework.org/schema/aop http://www.springframework.org/schema/aop/spring-aop-3.0.xsd
    ">

    <!-- 属性文件 -->
    <context:property-placeholder
		location="classpath:/app.properties"
		ignore-resource-not-found="true" ignore-unresolvable="true"
		file-encoding="UTF-8" />
	<context:annotation-config />

    <!-- 自动扫描(自动注入) -->
    <context:annotation-config />

    <context:component-scan base-package="com.cbt.server.**">
        <context:exclude-filter type="aspectj" expression="com.cbt.server.control.**"/>
    </context:component-scan>

    <!-- 通过注解标注aop 切面代理
    <aop:aspectj-autoproxy />-->
    <import resource="spring-dao.xml" />
    <import resource="elasticsearch.xml"/>

</beans>
