<?xml version="1.0" encoding="UTF-8" ?>
<!DOCTYPE mapper PUBLIC "-//mybatis.org//DTD Mapper 3.0//EN" "http://mybatis.org/dtd/mybatis-3-mapper.dtd" >
<mapper namespace="com.cbt.server.dao.UsersMapper" >
  <resultMap id="BaseResultMap" type="com.cbt.server.dao.entity.Users" >
    <id column="user_id" property="userId" jdbcType="INTEGER" />
    <result column="user_name" property="userName" jdbcType="VARCHAR" />
    <result column="email" property="email" jdbcType="VARCHAR" />
    <result column="mobile_phone" property="mobilePhone" jdbcType="VARCHAR" />
    <result column="nickname" property="nickname" jdbcType="VARCHAR" />
    <result column="login_password" property="loginPassword" jdbcType="VARCHAR" />
    <result column="weixin" property="weixin" jdbcType="VARCHAR" />
    <result column="qq" property="qq" jdbcType="VARCHAR" />
    <result column="province" property="province" jdbcType="VARCHAR" />
    <result column="city" property="city" jdbcType="VARCHAR" />
    <result column="profession" property="profession" jdbcType="VARCHAR" />
    <result column="organization" property="organization" jdbcType="VARCHAR" />
    <result column="department" property="department" jdbcType="VARCHAR" />
    <result column="create_time" property="createTime" jdbcType="TIMESTAMP" />
    <result column="last_update_time" property="lastUpdateTime" jdbcType="TIMESTAMP" />
    <result column="disable" property="disable" jdbcType="BIT" />
  </resultMap>
  <sql id="Base_Column_List" >
    user_id, user_name, email, mobile_phone, nickname, login_password, weixin, qq, province, 
    city, profession, organization, department, create_time, last_update_time, disable
  </sql>
  <select id="selectByPrimaryKey" resultMap="BaseResultMap" parameterType="java.lang.Integer" >
    select 
    <include refid="Base_Column_List" />
    from users
    where user_id = #{userId,jdbcType=INTEGER}
  </select>
  <delete id="deleteByPrimaryKey" parameterType="java.lang.Integer" >
    delete from users
    where user_id = #{userId,jdbcType=INTEGER}
  </delete>
  <insert id="insert" parameterType="com.cbt.server.dao.entity.Users" >
    insert into users (user_id, user_name, email, 
      mobile_phone, nickname, login_password, 
      weixin, qq, province, 
      city, profession, organization, 
      department, create_time, last_update_time, 
      disable)
    values (#{userId,jdbcType=INTEGER}, #{userName,jdbcType=VARCHAR}, #{email,jdbcType=VARCHAR}, 
      #{mobilePhone,jdbcType=VARCHAR}, #{nickname,jdbcType=VARCHAR}, #{loginPassword,jdbcType=VARCHAR}, 
      #{weixin,jdbcType=VARCHAR}, #{qq,jdbcType=VARCHAR}, #{province,jdbcType=VARCHAR}, 
      #{city,jdbcType=VARCHAR}, #{profession,jdbcType=VARCHAR}, #{organization,jdbcType=VARCHAR}, 
      #{department,jdbcType=VARCHAR}, #{createTime,jdbcType=TIMESTAMP}, #{lastUpdateTime,jdbcType=TIMESTAMP}, 
      #{disable,jdbcType=BIT})
  </insert>
  <insert id="insertSelective" parameterType="com.cbt.server.dao.entity.Users" >
    insert into users
    <trim prefix="(" suffix=")" suffixOverrides="," >
      <if test="userId != null" >
        user_id,
      </if>
      <if test="userName != null" >
        user_name,
      </if>
      <if test="email != null" >
        email,
      </if>
      <if test="mobilePhone != null" >
        mobile_phone,
      </if>
      <if test="nickname != null" >
        nickname,
      </if>
      <if test="loginPassword != null" >
        login_password,
      </if>
      <if test="weixin != null" >
        weixin,
      </if>
      <if test="qq != null" >
        qq,
      </if>
      <if test="province != null" >
        province,
      </if>
      <if test="city != null" >
        city,
      </if>
      <if test="profession != null" >
        profession,
      </if>
      <if test="organization != null" >
        organization,
      </if>
      <if test="department != null" >
        department,
      </if>
      <if test="createTime != null" >
        create_time,
      </if>
      <if test="lastUpdateTime != null" >
        last_update_time,
      </if>
      <if test="disable != null" >
        disable,
      </if>
    </trim>
    <trim prefix="values (" suffix=")" suffixOverrides="," >
      <if test="userId != null" >
        #{userId,jdbcType=INTEGER},
      </if>
      <if test="userName != null" >
        #{userName,jdbcType=VARCHAR},
      </if>
      <if test="email != null" >
        #{email,jdbcType=VARCHAR},
      </if>
      <if test="mobilePhone != null" >
        #{mobilePhone,jdbcType=VARCHAR},
      </if>
      <if test="nickname != null" >
        #{nickname,jdbcType=VARCHAR},
      </if>
      <if test="loginPassword != null" >
        #{loginPassword,jdbcType=VARCHAR},
      </if>
      <if test="weixin != null" >
        #{weixin,jdbcType=VARCHAR},
      </if>
      <if test="qq != null" >
        #{qq,jdbcType=VARCHAR},
      </if>
      <if test="province != null" >
        #{province,jdbcType=VARCHAR},
      </if>
      <if test="city != null" >
        #{city,jdbcType=VARCHAR},
      </if>
      <if test="profession != null" >
        #{profession,jdbcType=VARCHAR},
      </if>
      <if test="organization != null" >
        #{organization,jdbcType=VARCHAR},
      </if>
      <if test="department != null" >
        #{department,jdbcType=VARCHAR},
      </if>
      <if test="createTime != null" >
        #{createTime,jdbcType=TIMESTAMP},
      </if>
      <if test="lastUpdateTime != null" >
        #{lastUpdateTime,jdbcType=TIMESTAMP},
      </if>
      <if test="disable != null" >
        #{disable,jdbcType=BIT},
      </if>
    </trim>
  </insert>
  <update id="updateByPrimaryKeySelective" parameterType="com.cbt.server.dao.entity.Users" >
    update users
    <set >
      <if test="userName != null" >
        user_name = #{userName,jdbcType=VARCHAR},
      </if>
      <if test="email != null" >
        email = #{email,jdbcType=VARCHAR},
      </if>
      <if test="mobilePhone != null" >
        mobile_phone = #{mobilePhone,jdbcType=VARCHAR},
      </if>
      <if test="nickname != null" >
        nickname = #{nickname,jdbcType=VARCHAR},
      </if>
      <if test="loginPassword != null" >
        login_password = #{loginPassword,jdbcType=VARCHAR},
      </if>
      <if test="weixin != null" >
        weixin = #{weixin,jdbcType=VARCHAR},
      </if>
      <if test="qq != null" >
        qq = #{qq,jdbcType=VARCHAR},
      </if>
      <if test="province != null" >
        province = #{province,jdbcType=VARCHAR},
      </if>
      <if test="city != null" >
        city = #{city,jdbcType=VARCHAR},
      </if>
      <if test="profession != null" >
        profession = #{profession,jdbcType=VARCHAR},
      </if>
      <if test="organization != null" >
        organization = #{organization,jdbcType=VARCHAR},
      </if>
      <if test="department != null" >
        department = #{department,jdbcType=VARCHAR},
      </if>
      <if test="createTime != null" >
        create_time = #{createTime,jdbcType=TIMESTAMP},
      </if>
      <if test="lastUpdateTime != null" >
        last_update_time = #{lastUpdateTime,jdbcType=TIMESTAMP},
      </if>
      <if test="disable != null" >
        disable = #{disable,jdbcType=BIT},
      </if>
    </set>
    where user_id = #{userId,jdbcType=INTEGER}
  </update>
  <update id="updateByPrimaryKey" parameterType="com.cbt.server.dao.entity.Users" >
    update users
    set user_name = #{userName,jdbcType=VARCHAR},
      email = #{email,jdbcType=VARCHAR},
      mobile_phone = #{mobilePhone,jdbcType=VARCHAR},
      nickname = #{nickname,jdbcType=VARCHAR},
      login_password = #{loginPassword,jdbcType=VARCHAR},
      weixin = #{weixin,jdbcType=VARCHAR},
      qq = #{qq,jdbcType=VARCHAR},
      province = #{province,jdbcType=VARCHAR},
      city = #{city,jdbcType=VARCHAR},
      profession = #{profession,jdbcType=VARCHAR},
      organization = #{organization,jdbcType=VARCHAR},
      department = #{department,jdbcType=VARCHAR},
      create_time = #{createTime,jdbcType=TIMESTAMP},
      last_update_time = #{lastUpdateTime,jdbcType=TIMESTAMP},
      disable = #{disable,jdbcType=BIT}
    where user_id = #{userId,jdbcType=INTEGER}
  </update>
</mapper>