<?xml version="1.0" encoding="UTF-8"?>
<beans xmlns="http://www.springframework.org/schema/beans"
       xmlns:xsi="http://www.w3.org/2001/XMLSchema-instance"
       xmlns:context="http://www.springframework.org/schema/context"
       xmlns:tx="http://www.springframework.org/schema/tx"
       xmlns:master-slave="http://shardingsphere.io/schema/shardingsphere/masterslave"
       xsi:schemaLocation="http://www.springframework.org/schema/beans 
                        http://www.springframework.org/schema/beans/spring-beans.xsd 
                        http://www.springframework.org/schema/context 
                        http://www.springframework.org/schema/context/spring-context.xsd
                        http://www.springframework.org/schema/tx 
                        http://www.springframework.org/schema/tx/spring-tx.xsd
                        http://shardingsphere.io/schema/shardingsphere/masterslave  
                        http://shardingsphere.io/schema/shardingsphere/masterslave/master-slave.xsd">
    <context:component-scan base-package="com.jiagouedu" />
    
    <bean id="demo_ds_master" class="org.apache.commons.dbcp.BasicDataSource" destroy-method="close">
        <property name="driverClassName" value="com.mysql.jdbc.Driver"/>
        <property name="url" value="jdbc:mysql://localhost:3306/orders_0"/>
        <property name="username" value="root"/>
        <property name="password" value="root"/>
    </bean>
    
    <bean id="demo_ds_slave_0" class="org.apache.commons.dbcp.BasicDataSource" destroy-method="close">
        <property name="driverClassName" value="com.mysql.jdbc.Driver"/>
        <property name="url" value="jdbc:mysql://localhost:3306/orders_1"/>
        <property name="username" value="root"/>
        <property name="password" value="root"/>
    </bean>
   <!--
   <bean id="demo_ds_slave_1" class="org.apache.commons.dbcp.BasicDataSource" destroy-method="close">
        <property name="driverClassName" value="com.mysql.jdbc.Driver"/>
        <property name="url" value="jdbc:mysql://localhost:3306/orders_2"/>
        <property name="username" value="root"/>
        <property name="password" value="root"/>
    </bean>-->

    <bean id="randomStrategy" class="io.shardingsphere.api.algorithm.masterslave.RandomMasterSlaveLoadBalanceAlgorithm" />
    
    <master-slave:data-source id="masterSlaveDataSource" master-data-source-name="demo_ds_master" slave-data-source-names="demo_ds_slave_0" strategy-ref="randomStrategy" />
    
    <bean id="transactionManager" class="org.springframework.jdbc.datasource.DataSourceTransactionManager">
        <property name="dataSource" ref="masterSlaveDataSource" />
    </bean>
    <tx:annotation-driven />
    
    <bean id="sqlSessionFactory" class="org.mybatis.spring.SqlSessionFactoryBean">
        <property name="dataSource" ref="masterSlaveDataSource"/>
        <property name="mapperLocations" value="classpath*:mappers/*.xml"/>
    </bean>
    
    <bean class="org.mybatis.spring.mapper.MapperScannerConfigurer">
        <property name="basePackage" value="com.jiagouedu"/>
        <property name="sqlSessionFactoryBeanName" value="sqlSessionFactory"/>
    </bean>
</beans>
